sample_id,position,ref_base,alt_base,effect,clinvar_hits,in_clinvar
NM_001407264.1,84,g,a,silent,86,True
NM_001407264.1,89,g,t,missense,949,True
NM_001407264.1,91,c,a,missense,92,True
NM_001407264.1,92,t,g,missense,949,True
NM_001407264.1,125,c,t,missense,1249,True
NM_001407264.1,126,c,t,silent,1249,True
NM_001407264.1,127,c,g,missense,1307,True
NM_001407264.1,129,g,a,silent,86,True
NM_001407264.1,130,g,a,missense,86,True
NM_001407264.1,131,a,t,missense,56,True
NM_001407264.1,132,t,g,missense,949,True
NM_001407264.1,133,t,c,missense,1249,True
NM_001407264.1,134,g,a,silent,86,True
NM_001407271.1,12,c,g,silent,1307,True
NM_001407271.1,14,c,t,missense,1249,True
NM_001407271.1,15,a,t,silent,56,True
NM_001407271.1,16,a,g,missense,86,True
NM_001407271.1,17,a,t,missense,56,True
NM_001407271.1,19,g,a,missense,86,True
NM_001407271.1,21,c,g,silent,1307,True
NM_001407271.1,22,t,c,missense,1249,True
NM_001407271.1,25,a,g,missense,86,True
NM_001407271.1,28,c,t,silent,1249,True
NM_001407271.1,34,c,g,missense,1307,True
NM_001407271.1,35,c,t,missense,1249,True
NM_001407271.1,47,g,a,missense,86,True
NM_001407271.1,48,g,t,missense,949,True
NM_001407271.1,50,a,g,missense,86,True
NM_001407271.1,57,a,g,silent,86,True
NM_001407271.1,58,g,a,missense,86,True
NM_001407271.1,59,c,g,missense,1307,True
NM_001407271.1,60,t,c,silent,1249,True
NM_001407271.1,62,c,g,missense,1307,True
NM_001407271.1,65,g,a,missense,86,True
NM_001407271.1,67,c,a,missense,92,True
NM_001407271.1,68,t,c,missense,1249,True
NM_001407271.1,69,c,a,silent,92,True
NM_001407271.1,70,c,g,missense,1307,True
NM_001407271.1,71,g,t,missense,949,True
NM_001407271.1,72,g,t,silent,949,True
NM_001407271.1,74,g,t,missense,949,True
NM_001407271.1,75,a,t,silent,56,True
NM_001407271.1,77,a,t,missense,56,True
NM_001407271.1,78,c,t,silent,1249,True
NM_001407271.1,79,t,c,missense,1249,True
NM_001407271.1,80,t,c,missense,1249,True
NM_001407271.1,81,t,a,missense,56,True
NM_001407271.1,83,c,a,missense,92,True
NM_001407271.1,84,g,a,silent,86,True
NM_001407271.1,85,t,g,missense,949,True
NM_001407271.1,86,t,c,missense,1249,True
NM_001407271.1,87,c,t,silent,1249,True
NM_001407271.1,88,g,t,missense,949,True
NM_001407271.1,89,g,t,missense,949,True
NM_001407271.1,92,t,a,missense,56,True
NM_001407271.1,94,g,t,nonsense,949,True
NM_001407270.1,12,c,g,silent,1307,True
NM_001407270.1,14,c,t,missense,1249,True
NM_001407270.1,15,a,t,silent,56,True
NM_001407270.1,16,a,g,missense,86,True
NM_001407270.1,17,a,t,missense,56,True
NM_001407270.1,19,g,a,missense,86,True
NM_001407270.1,21,c,g,silent,1307,True
NM_001407270.1,22,t,c,missense,1249,True
NM_001407270.1,25,a,g,missense,86,True
NM_001407270.1,28,c,t,silent,1249,True
NM_001407270.1,34,c,g,missense,1307,True
NM_001407270.1,35,c,t,missense,1249,True
NM_001407270.1,47,g,a,missense,86,True
NM_001407270.1,48,g,t,missense,949,True
NM_001407270.1,50,a,g,missense,86,True
NM_001407270.1,57,a,g,silent,86,True
NM_001407270.1,58,g,a,missense,86,True
NM_001407270.1,59,c,g,missense,1307,True
NM_001407270.1,60,t,c,silent,1249,True
NM_001407270.1,62,c,g,missense,1307,True
NM_001407270.1,65,g,a,missense,86,True
NM_001407270.1,67,c,a,missense,92,True
NM_001407270.1,68,t,c,missense,1249,True
NM_001407270.1,69,c,a,silent,92,True
NM_001407270.1,70,c,g,missense,1307,True
NM_001407270.1,71,g,t,missense,949,True
NM_001407270.1,72,g,t,silent,949,True
NM_001407270.1,74,g,t,missense,949,True
NM_001407270.1,75,a,t,silent,56,True
NM_001407270.1,77,a,t,missense,56,True
NM_001407270.1,78,c,t,silent,1249,True
NM_001407270.1,79,t,c,missense,1249,True
NM_001407270.1,80,t,c,missense,1249,True
NM_001407270.1,81,t,a,missense,56,True
NM_001407270.1,83,c,a,missense,92,True
NM_001407270.1,84,g,a,silent,86,True
NM_001407270.1,85,t,g,missense,949,True
NM_001407270.1,86,t,c,missense,1249,True
NM_001407270.1,87,c,t,silent,1249,True
NM_001407270.1,88,g,t,missense,949,True
NM_001407270.1,89,g,t,missense,949,True
NM_001407270.1,92,t,a,missense,56,True
NM_001407270.1,94,g,t,nonsense,949,True
NM_001407267.1,84,g,a,silent,86,True
NM_001407267.1,89,g,t,missense,949,True
NM_001407267.1,91,c,a,missense,92,True
NM_001407267.1,92,t,g,missense,949,True
NM_001407267.1,125,c,t,missense,1249,True
NM_001407267.1,126,c,t,silent,1249,True
NM_001407267.1,127,c,g,missense,1307,True
NM_001407267.1,129,g,a,silent,86,True
NM_001407267.1,130,g,a,missense,86,True
NM_001407267.1,131,a,t,missense,56,True
NM_001407267.1,132,t,g,missense,949,True
NM_001407267.1,133,t,c,missense,1249,True
NM_001407267.1,134,g,a,silent,86,True
NM_001407265.1,84,g,a,silent,86,True
NM_001407265.1,89,g,t,missense,949,True
NM_001407265.1,91,c,a,missense,92,True
NM_001407265.1,92,t,g,missense,949,True
NM_001407265.1,125,c,t,missense,1249,True
NM_001407265.1,126,c,t,silent,1249,True
NM_001407265.1,127,c,g,missense,1307,True
NM_001407265.1,129,g,a,silent,86,True
NM_001407265.1,130,g,a,missense,86,True
NM_001407265.1,131,a,t,missense,56,True
NM_001407265.1,132,t,g,missense,949,True
NM_001407265.1,133,t,c,missense,1249,True
NM_001407265.1,134,g,a,silent,86,True
NM_001407266.1,84,g,a,silent,86,True
NM_001407266.1,89,g,t,missense,949,True
NM_001407266.1,91,c,a,missense,92,True
NM_001407266.1,92,t,g,missense,949,True
NM_001407266.1,125,c,t,missense,1249,True
NM_001407266.1,126,c,t,silent,1249,True
NM_001407266.1,127,c,g,missense,1307,True
NM_001407266.1,129,g,a,silent,86,True
NM_001407266.1,130,g,a,missense,86,True
NM_001407266.1,131,a,t,missense,56,True
NM_001407266.1,132,t,g,missense,949,True
NM_001407266.1,133,t,c,missense,1249,True
NM_001407266.1,134,g,a,silent,86,True
